PRAGMA foreign_keys=OFF;
BEGIN TRANSACTION;
CREATE TABLE IF NOT EXISTS "django_migrations" ("id" integer NOT NULL PRIMARY KEY AUTOINCREMENT, "app" varchar(255) NOT NULL, "name" varchar(255) NOT NULL, "applied" datetime NOT NULL);
INSERT INTO django_migrations VALUES(1,'contenttypes','0001_initial','2026-06-11 07:33:24.560038');
INSERT INTO django_migrations VALUES(2,'auth','0001_initial','2026-06-11 07:33:24.590945');
INSERT INTO django_migrations VALUES(3,'admin','0001_initial','2026-06-11 07:33:24.639886');
INSERT INTO django_migrations VALUES(4,'admin','0002_logentry_remove_auto_add','2026-06-11 07:33:24.657939');
INSERT INTO django_migrations VALUES(5,'admin','0003_logentry_add_action_flag_choices','2026-06-11 07:33:24.672756');
INSERT INTO django_migrations VALUES(6,'contenttypes','0002_remove_content_type_name','2026-06-11 07:33:24.696984');
INSERT INTO django_migrations VALUES(7,'auth','0002_alter_permission_name_max_length','2026-06-11 07:33:24.724771');
INSERT INTO django_migrations VALUES(8,'auth','0003_alter_user_email_max_length','2026-06-11 07:33:24.738896');
INSERT INTO django_migrations VALUES(9,'auth','0004_alter_user_username_opts','2026-06-11 07:33:24.752073');
INSERT INTO django_migrations VALUES(10,'auth','0005_alter_user_last_login_null','2026-06-11 07:33:24.766136');
INSERT INTO django_migrations VALUES(11,'auth','0006_require_contenttypes_0002','2026-06-11 07:33:24.772403');
INSERT INTO django_migrations VALUES(12,'auth','0007_alter_validators_add_error_messages','2026-06-11 07:33:24.785467');
INSERT INTO django_migrations VALUES(13,'auth','0008_alter_user_username_max_length','2026-06-11 07:33:24.799784');
INSERT INTO django_migrations VALUES(14,'auth','0009_alter_user_last_name_max_length','2026-06-11 07:33:24.814963');
INSERT INTO django_migrations VALUES(15,'auth','0010_alter_group_name_max_length','2026-06-11 07:33:24.839345');
INSERT INTO django_migrations VALUES(16,'auth','0011_update_proxy_permissions','2026-06-11 07:33:24.853738');
INSERT INTO django_migrations VALUES(17,'auth','0012_alter_user_first_name_max_length','2026-06-11 07:33:24.868138');
INSERT INTO django_migrations VALUES(18,'sessions','0001_initial','2026-06-11 07:33:24.883493');
INSERT INTO django_migrations VALUES(19,'students','0001_initial','2026-06-11 07:33:24.901286');
CREATE TABLE IF NOT EXISTS "auth_group_permissions" ("id" integer NOT NULL PRIMARY KEY AUTOINCREMENT, "group_id" integer NOT NULL REFERENCES "auth_group" ("id") DEFERRABLE INITIALLY DEFERRED, "permission_id" integer NOT NULL REFERENCES "auth_permission" ("id") DEFERRABLE INITIALLY DEFERRED);
CREATE TABLE IF NOT EXISTS "auth_user_groups" ("id" integer NOT NULL PRIMARY KEY AUTOINCREMENT, "user_id" integer NOT NULL REFERENCES "auth_user" ("id") DEFERRABLE INITIALLY DEFERRED, "group_id" integer NOT NULL REFERENCES "auth_group" ("id") DEFERRABLE INITIALLY DEFERRED);
CREATE TABLE IF NOT EXISTS "auth_user_user_permissions" ("id" integer NOT NULL PRIMARY KEY AUTOINCREMENT, "user_id" integer NOT NULL REFERENCES "auth_user" ("id") DEFERRABLE INITIALLY DEFERRED, "permission_id" integer NOT NULL REFERENCES "auth_permission" ("id") DEFERRABLE INITIALLY DEFERRED);
CREATE TABLE IF NOT EXISTS "django_admin_log" ("id" integer NOT NULL PRIMARY KEY AUTOINCREMENT, "object_id" text NULL, "object_repr" varchar(200) NOT NULL, "action_flag" smallint unsigned NOT NULL CHECK ("action_flag" >= 0), "change_message" text NOT NULL, "content_type_id" integer NULL REFERENCES "django_content_type" ("id") DEFERRABLE INITIALLY DEFERRED, "user_id" integer NOT NULL REFERENCES "auth_user" ("id") DEFERRABLE INITIALLY DEFERRED, "action_time" datetime NOT NULL);
INSERT INTO django_admin_log VALUES(1,'1','Математика',1,'[{"added": {}}]',8,1,'2026-06-11 07:34:28.543830');
INSERT INTO django_admin_log VALUES(2,'1','1 - Жуков Андрей',1,'[{"added": {}}]',7,1,'2026-06-11 07:34:43.620245');
INSERT INTO django_admin_log VALUES(3,'2','ОС',1,'[{"added": {}}]',8,1,'2026-06-11 07:35:41.929769');
CREATE TABLE IF NOT EXISTS "django_content_type" ("id" integer NOT NULL PRIMARY KEY AUTOINCREMENT, "app_label" varchar(100) NOT NULL, "model" varchar(100) NOT NULL);
INSERT INTO django_content_type VALUES(1,'admin','logentry');
INSERT INTO django_content_type VALUES(2,'auth','permission');
INSERT INTO django_content_type VALUES(3,'auth','group');
INSERT INTO django_content_type VALUES(4,'auth','user');
INSERT INTO django_content_type VALUES(5,'contenttypes','contenttype');
INSERT INTO django_content_type VALUES(6,'sessions','session');
INSERT INTO django_content_type VALUES(7,'students','student');
INSERT INTO django_content_type VALUES(8,'students','subject');
INSERT INTO django_content_type VALUES(9,'students','grade');
CREATE TABLE IF NOT EXISTS "auth_permission" ("id" integer NOT NULL PRIMARY KEY AUTOINCREMENT, "content_type_id" integer NOT NULL REFERENCES "django_content_type" ("id") DEFERRABLE INITIALLY DEFERRED, "codename" varchar(100) NOT NULL, "name" varchar(255) NOT NULL);
INSERT INTO auth_permission VALUES(1,1,'add_logentry','Can add log entry');
INSERT INTO auth_permission VALUES(2,1,'change_logentry','Can change log entry');
INSERT INTO auth_permission VALUES(3,1,'delete_logentry','Can delete log entry');
INSERT INTO auth_permission VALUES(4,1,'view_logentry','Can view log entry');
INSERT INTO auth_permission VALUES(5,2,'add_permission','Can add permission');
INSERT INTO auth_permission VALUES(6,2,'change_permission','Can change permission');
INSERT INTO auth_permission VALUES(7,2,'delete_permission','Can delete permission');
INSERT INTO auth_permission VALUES(8,2,'view_permission','Can view permission');
INSERT INTO auth_permission VALUES(9,3,'add_group','Can add group');
INSERT INTO auth_permission VALUES(10,3,'change_group','Can change group');
INSERT INTO auth_permission VALUES(11,3,'delete_group','Can delete group');
INSERT INTO auth_permission VALUES(12,3,'view_group','Can view group');
INSERT INTO auth_permission VALUES(13,4,'add_user','Can add user');
INSERT INTO auth_permission VALUES(14,4,'change_user','Can change user');
INSERT INTO auth_permission VALUES(15,4,'delete_user','Can delete user');
INSERT INTO auth_permission VALUES(16,4,'view_user','Can view user');
INSERT INTO auth_permission VALUES(17,5,'add_contenttype','Can add content type');
INSERT INTO auth_permission VALUES(18,5,'change_contenttype','Can change content type');
INSERT INTO auth_permission VALUES(19,5,'delete_contenttype','Can delete content type');
INSERT INTO auth_permission VALUES(20,5,'view_contenttype','Can view content type');
INSERT INTO auth_permission VALUES(21,6,'add_session','Can add session');
INSERT INTO auth_permission VALUES(22,6,'change_session','Can change session');
INSERT INTO auth_permission VALUES(23,6,'delete_session','Can delete session');
INSERT INTO auth_permission VALUES(24,6,'view_session','Can view session');
INSERT INTO auth_permission VALUES(25,7,'add_student','Can add student');
INSERT INTO auth_permission VALUES(26,7,'change_student','Can change student');
INSERT INTO auth_permission VALUES(27,7,'delete_student','Can delete student');
INSERT INTO auth_permission VALUES(28,7,'view_student','Can view student');
INSERT INTO auth_permission VALUES(29,8,'add_subject','Can add subject');
INSERT INTO auth_permission VALUES(30,8,'change_subject','Can change subject');
INSERT INTO auth_permission VALUES(31,8,'delete_subject','Can delete subject');
INSERT INTO auth_permission VALUES(32,8,'view_subject','Can view subject');
INSERT INTO auth_permission VALUES(33,9,'add_grade','Can add grade');
INSERT INTO auth_permission VALUES(34,9,'change_grade','Can change grade');
INSERT INTO auth_permission VALUES(35,9,'delete_grade','Can delete grade');
INSERT INTO auth_permission VALUES(36,9,'view_grade','Can view grade');
CREATE TABLE IF NOT EXISTS "auth_group" ("id" integer NOT NULL PRIMARY KEY AUTOINCREMENT, "name" varchar(150) NOT NULL UNIQUE);
CREATE TABLE IF NOT EXISTS "auth_user" ("id" integer NOT NULL PRIMARY KEY AUTOINCREMENT, "password" varchar(128) NOT NULL, "last_login" datetime NULL, "is_superuser" bool NOT NULL, "username" varchar(150) NOT NULL UNIQUE, "last_name" varchar(150) NOT NULL, "email" varchar(254) NOT NULL, "is_staff" bool NOT NULL, "is_active" bool NOT NULL, "date_joined" datetime NOT NULL, "first_name" varchar(150) NOT NULL);
INSERT INTO auth_user VALUES(1,'pbkdf2_sha256$1000000$s9VHx4Og3rSD471WwuXUv7$P0dQea8DvLRzIN4UGPApc/NS8Nw6RQl8X1+mVUPY6VM=','2026-06-11 07:34:12.862753',1,'qwer','','',1,1,'2026-06-11 07:33:48.147134','');
CREATE TABLE IF NOT EXISTS "django_session" ("session_key" varchar(40) NOT NULL PRIMARY KEY, "session_data" text NOT NULL, "expire_date" datetime NOT NULL);
INSERT INTO django_session VALUES('8qfiyawtbmnzekgjwd76akxtamnrz2j0','.eJxVjEEOwiAQRe_C2pAyDAVcuvcMZAaoVA0kpV0Z765NutDtf-_9lwi0rSVsPS9hTuIslDj9bkzxkesO0p3qrcnY6rrMLHdFHrTLa0v5eTncv4NCvXxrA5mZEAfjvImKAMaBE3NErSh6QrCYEbzzbJOy1nm0micy06itQRDvD9oQN0M:1wXZvY:cL6AwjjK9TOnCRep9mU5FKPwqBHlgv6GeLqUsaSshHg','2026-06-25 07:34:12.871073');
CREATE TABLE IF NOT EXISTS "students_student" ("id" integer NOT NULL PRIMARY KEY AUTOINCREMENT, "student_id" varchar(20) NOT NULL, "full_name" varchar(200) NOT NULL);
INSERT INTO students_student VALUES(1,'1','Жуков Андрей Владимирович');
INSERT INTO students_student VALUES(2,'2','Малахов Александр Александрович');
INSERT INTO students_student VALUES(3,'','Федотова Алёна Андреевна');
INSERT INTO students_student VALUES(4,'','Артемов Алексей Игоревич');
INSERT INTO students_student VALUES(5,'','Бадулин Илья Алексеевич');
INSERT INTO students_student VALUES(6,'','Белякова Анастасия Валерьевна');
INSERT INTO students_student VALUES(7,'','Бухаров Олег Егорович');
INSERT INTO students_student VALUES(8,'','Емельянов Кирилл Дмитриевич');
INSERT INTO students_student VALUES(9,'','Кириченко Дмитрий Юрьевич');
INSERT INTO students_student VALUES(10,'','Кречетов Кирилл Евгеньевич');
INSERT INTO students_student VALUES(11,'','Лазинский Денис Владимирович');
INSERT INTO students_student VALUES(12,'','Лычагин Никита Денисович');
INSERT INTO students_student VALUES(13,'','Мауль Даниил Александрович');
INSERT INTO students_student VALUES(14,'','Мигаль Мария Антоновна');
INSERT INTO students_student VALUES(15,'','Немцев Арсений Дмитриевич');
INSERT INTO students_student VALUES(16,'','Редун Александр Александрович');
INSERT INTO students_student VALUES(17,'','Сендир-Оол Сергек Эдуардович');
INSERT INTO students_student VALUES(18,'','Сидоренко Александр Денисович');
INSERT INTO students_student VALUES(19,'','Сурмалян Яна Эдуардовна');
INSERT INTO students_student VALUES(20,'','Тимошенко Данил Алексеевич');
INSERT INTO students_student VALUES(21,'','Толкачёв Антон Викторович');
INSERT INTO students_student VALUES(22,'','Ушаков Максим Александрович');
CREATE TABLE IF NOT EXISTS "students_subject" ("id" integer NOT NULL PRIMARY KEY AUTOINCREMENT, "name" varchar(100) NOT NULL);
INSERT INTO students_subject VALUES(1,'БИТиП');
INSERT INTO students_subject VALUES(4,'ТВиМС');
INSERT INTO students_subject VALUES(5,'ООП');
INSERT INTO students_subject VALUES(6,'ОП');
INSERT INTO students_subject VALUES(7,'ИЯ');
INSERT INTO students_subject VALUES(8,'УЖЦПС');
CREATE TABLE IF NOT EXISTS "students_grade" ("id" integer NOT NULL PRIMARY KEY AUTOINCREMENT, "value" real NOT NULL, "student_id" bigint NOT NULL REFERENCES "students_student" ("id") DEFERRABLE INITIALLY DEFERRED, "subject_id" bigint NOT NULL REFERENCES "students_subject" ("id") DEFERRABLE INITIALLY DEFERRED);
INSERT INTO students_grade VALUES(1,5.0,3,1);
INSERT INTO students_grade VALUES(2,4.0,3,7);
INSERT INTO students_grade VALUES(3,4.0,3,5);
INSERT INTO students_grade VALUES(4,5.0,3,6);
INSERT INTO students_grade VALUES(5,5.0,3,4);
INSERT INTO students_grade VALUES(6,5.0,3,8);
INSERT INTO students_grade VALUES(7,4.0,22,1);
INSERT INTO students_grade VALUES(8,2.0,22,7);
INSERT INTO students_grade VALUES(9,4.0,22,5);
INSERT INTO students_grade VALUES(10,3.0,22,6);
INSERT INTO students_grade VALUES(11,3.0,22,4);
INSERT INTO students_grade VALUES(12,5.0,22,8);
INSERT INTO students_grade VALUES(13,3.0,21,1);
INSERT INTO students_grade VALUES(14,4.0,21,7);
INSERT INTO students_grade VALUES(15,3.0,21,6);
INSERT INTO students_grade VALUES(16,3.0,21,4);
INSERT INTO students_grade VALUES(17,3.0,21,8);
INSERT INTO students_grade VALUES(18,4.0,20,1);
INSERT INTO students_grade VALUES(19,4.0,20,7);
INSERT INTO students_grade VALUES(20,4.0,20,5);
INSERT INTO students_grade VALUES(21,5.0,20,6);
INSERT INTO students_grade VALUES(22,4.0,20,4);
INSERT INTO students_grade VALUES(23,5.0,20,8);
INSERT INTO students_grade VALUES(24,3.0,19,1);
INSERT INTO students_grade VALUES(25,4.0,19,7);
INSERT INTO students_grade VALUES(26,5.0,19,5);
INSERT INTO students_grade VALUES(27,5.0,19,6);
INSERT INTO students_grade VALUES(28,4.0,19,4);
INSERT INTO students_grade VALUES(29,5.0,19,8);
INSERT INTO students_grade VALUES(30,4.0,18,1);
INSERT INTO students_grade VALUES(31,3.0,18,7);
INSERT INTO students_grade VALUES(32,5.0,18,5);
INSERT INTO students_grade VALUES(33,4.0,18,6);
INSERT INTO students_grade VALUES(34,4.0,18,4);
INSERT INTO students_grade VALUES(35,5.0,18,8);
INSERT INTO students_grade VALUES(36,3.0,17,1);
INSERT INTO students_grade VALUES(37,4.0,17,7);
INSERT INTO students_grade VALUES(38,4.0,17,5);
INSERT INTO students_grade VALUES(39,4.0,17,6);
INSERT INTO students_grade VALUES(40,3.0,17,4);
INSERT INTO students_grade VALUES(41,5.0,17,8);
INSERT INTO students_grade VALUES(42,4.0,16,1);
INSERT INTO students_grade VALUES(43,4.0,16,7);
INSERT INTO students_grade VALUES(44,4.0,16,5);
INSERT INTO students_grade VALUES(45,5.0,16,6);
INSERT INTO students_grade VALUES(46,5.0,16,4);
INSERT INTO students_grade VALUES(47,5.0,16,8);
INSERT INTO students_grade VALUES(48,4.0,15,1);
INSERT INTO students_grade VALUES(49,3.0,15,7);
INSERT INTO students_grade VALUES(50,3.0,15,5);
INSERT INTO students_grade VALUES(51,5.0,15,6);
INSERT INTO students_grade VALUES(52,4.0,15,4);
INSERT INTO students_grade VALUES(53,5.0,15,8);
INSERT INTO students_grade VALUES(54,5.0,14,1);
INSERT INTO students_grade VALUES(55,4.0,14,7);
INSERT INTO students_grade VALUES(56,4.0,14,5);
INSERT INTO students_grade VALUES(57,5.0,14,6);
INSERT INTO students_grade VALUES(58,4.0,14,4);
INSERT INTO students_grade VALUES(59,5.0,14,8);
INSERT INTO students_grade VALUES(60,4.0,13,1);
INSERT INTO students_grade VALUES(61,3.0,13,7);
INSERT INTO students_grade VALUES(62,4.0,13,5);
INSERT INTO students_grade VALUES(63,4.0,13,6);
INSERT INTO students_grade VALUES(64,3.0,13,4);
INSERT INTO students_grade VALUES(65,5.0,13,8);
INSERT INTO students_grade VALUES(66,5.0,2,1);
INSERT INTO students_grade VALUES(67,3.0,2,7);
INSERT INTO students_grade VALUES(68,5.0,2,5);
INSERT INTO students_grade VALUES(69,4.0,2,6);
INSERT INTO students_grade VALUES(70,5.0,2,4);
INSERT INTO students_grade VALUES(71,5.0,2,8);
INSERT INTO students_grade VALUES(72,3.0,12,1);
INSERT INTO students_grade VALUES(73,3.0,12,7);
INSERT INTO students_grade VALUES(74,5.0,12,5);
INSERT INTO students_grade VALUES(75,5.0,12,6);
INSERT INTO students_grade VALUES(76,3.0,12,4);
INSERT INTO students_grade VALUES(77,5.0,12,8);
INSERT INTO students_grade VALUES(78,4.0,11,1);
INSERT INTO students_grade VALUES(79,3.0,11,7);
INSERT INTO students_grade VALUES(80,3.0,11,5);
INSERT INTO students_grade VALUES(81,5.0,11,6);
INSERT INTO students_grade VALUES(82,4.0,11,4);
INSERT INTO students_grade VALUES(83,5.0,11,8);
INSERT INTO students_grade VALUES(84,3.0,10,1);
INSERT INTO students_grade VALUES(85,4.0,10,7);
INSERT INTO students_grade VALUES(86,5.0,10,5);
INSERT INTO students_grade VALUES(87,5.0,10,6);
INSERT INTO students_grade VALUES(88,4.0,10,4);
INSERT INTO students_grade VALUES(89,5.0,10,8);
INSERT INTO students_grade VALUES(90,4.0,9,1);
INSERT INTO students_grade VALUES(91,3.0,9,7);
INSERT INTO students_grade VALUES(92,4.0,9,5);
INSERT INTO students_grade VALUES(93,5.0,9,6);
INSERT INTO students_grade VALUES(94,3.0,9,4);
INSERT INTO students_grade VALUES(95,5.0,9,8);
INSERT INTO students_grade VALUES(96,4.0,1,1);
INSERT INTO students_grade VALUES(97,4.0,1,7);
INSERT INTO students_grade VALUES(98,4.0,1,5);
INSERT INTO students_grade VALUES(99,5.0,1,6);
INSERT INTO students_grade VALUES(100,4.0,1,4);
INSERT INTO students_grade VALUES(101,5.0,1,8);
INSERT INTO students_grade VALUES(102,5.0,8,1);
INSERT INTO students_grade VALUES(103,5.0,8,7);
INSERT INTO students_grade VALUES(104,5.0,8,5);
INSERT INTO students_grade VALUES(105,5.0,8,6);
INSERT INTO students_grade VALUES(106,5.0,8,4);
INSERT INTO students_grade VALUES(107,5.0,8,8);
INSERT INTO students_grade VALUES(108,4.0,7,1);
INSERT INTO students_grade VALUES(109,4.0,7,7);
INSERT INTO students_grade VALUES(110,5.0,7,5);
INSERT INTO students_grade VALUES(111,5.0,7,6);
INSERT INTO students_grade VALUES(112,4.0,7,4);
INSERT INTO students_grade VALUES(113,5.0,7,8);
INSERT INTO students_grade VALUES(114,5.0,6,1);
INSERT INTO students_grade VALUES(115,4.0,6,7);
INSERT INTO students_grade VALUES(116,5.0,6,5);
INSERT INTO students_grade VALUES(117,5.0,6,6);
INSERT INTO students_grade VALUES(118,5.0,6,4);
INSERT INTO students_grade VALUES(119,5.0,6,8);
INSERT INTO students_grade VALUES(120,4.0,5,1);
INSERT INTO students_grade VALUES(121,4.0,5,7);
INSERT INTO students_grade VALUES(122,4.0,5,5);
INSERT INTO students_grade VALUES(123,5.0,5,6);
INSERT INTO students_grade VALUES(124,4.0,5,4);
INSERT INTO students_grade VALUES(125,5.0,5,8);
INSERT INTO students_grade VALUES(126,3.0,4,1);
INSERT INTO students_grade VALUES(127,5.0,4,7);
INSERT INTO students_grade VALUES(128,3.0,4,5);
INSERT INTO students_grade VALUES(129,4.0,4,6);
INSERT INTO students_grade VALUES(130,3.0,4,4);
INSERT INTO students_grade VALUES(131,4.0,4,8);
DELETE FROM sqlite_sequence;
INSERT INTO sqlite_sequence VALUES('django_migrations',19);
INSERT INTO sqlite_sequence VALUES('django_admin_log',3);
INSERT INTO sqlite_sequence VALUES('django_content_type',9);
INSERT INTO sqlite_sequence VALUES('auth_permission',36);
INSERT INTO sqlite_sequence VALUES('auth_group',0);
INSERT INTO sqlite_sequence VALUES('auth_user',1);
INSERT INTO sqlite_sequence VALUES('students_subject',8);
INSERT INTO sqlite_sequence VALUES('students_student',23);
INSERT INTO sqlite_sequence VALUES('students_grade',131);
CREATE UNIQUE INDEX "auth_group_permissions_group_id_permission_id_0cd325b0_uniq" ON "auth_group_permissions" ("group_id", "permission_id");
CREATE INDEX "auth_group_permissions_group_id_b120cbf9" ON "auth_group_permissions" ("group_id");
CREATE INDEX "auth_group_permissions_permission_id_84c5c92e" ON "auth_group_permissions" ("permission_id");
CREATE UNIQUE INDEX "auth_user_groups_user_id_group_id_94350c0c_uniq" ON "auth_user_groups" ("user_id", "group_id");
CREATE INDEX "auth_user_groups_user_id_6a12ed8b" ON "auth_user_groups" ("user_id");
CREATE INDEX "auth_user_groups_group_id_97559544" ON "auth_user_groups" ("group_id");
CREATE UNIQUE INDEX "auth_user_user_permissions_user_id_permission_id_14a6b632_uniq" ON "auth_user_user_permissions" ("user_id", "permission_id");
CREATE INDEX "auth_user_user_permissions_user_id_a95ead1b" ON "auth_user_user_permissions" ("user_id");
CREATE INDEX "auth_user_user_permissions_permission_id_1fbb5f2c" ON "auth_user_user_permissions" ("permission_id");
CREATE INDEX "django_admin_log_content_type_id_c4bce8eb" ON "django_admin_log" ("content_type_id");
CREATE INDEX "django_admin_log_user_id_c564eba6" ON "django_admin_log" ("user_id");
CREATE UNIQUE INDEX "django_content_type_app_label_model_76bd3d3b_uniq" ON "django_content_type" ("app_label", "model");
CREATE UNIQUE INDEX "auth_permission_content_type_id_codename_01ab375a_uniq" ON "auth_permission" ("content_type_id", "codename");
CREATE INDEX "auth_permission_content_type_id_2f476e4b" ON "auth_permission" ("content_type_id");
CREATE INDEX "django_session_expire_date_a5c62663" ON "django_session" ("expire_date");
CREATE INDEX "students_grade_student_id_f1f11dc6" ON "students_grade" ("student_id");
CREATE INDEX "students_grade_subject_id_c034914e" ON "students_grade" ("subject_id");
COMMIT;
