[{"model": "admin.logentry", "pk": 1, "fields": {"action_time": "2026-06-11T07:34:28.543Z", "user": 1, "content_type": 8, "object_id": "1", "object_repr": "Математика", "action_flag": 1, "change_message": "[{\"added\": {}}]"}}, {"model": "admin.logentry", "pk": 2, "fields": {"action_time": "2026-06-11T07:34:43.620Z", "user": 1, "content_type": 7, "object_id": "1", "object_repr": "1 - Жуков Андрей", "action_flag": 1, "change_message": "[{\"added\": {}}]"}}, {"model": "admin.logentry", "pk": 3, "fields": {"action_time": "2026-06-11T07:35:41.929Z", "user": 1, "content_type": 8, "object_id": "2", "object_repr": "ОС", "action_flag": 1, "change_message": "[{\"added\": {}}]"}}, {"model": "auth.permission", "pk": 1, "fields": {"name": "Can add log entry", "content_type": 1, "codename": "add_logentry"}}, {"model": "auth.permission", "pk": 2, "fields": {"name": "Can change log entry", "content_type": 1, "codename": "change_logentry"}}, {"model": "auth.permission", "pk": 3, "fields": {"name": "Can delete log entry", "content_type": 1, "codename": "delete_logentry"}}, {"model": "auth.permission", "pk": 4, "fields": {"name": "Can view log entry", "content_type": 1, "codename": "view_logentry"}}, {"model": "auth.permission", "pk": 5, "fields": {"name": "Can add permission", "content_type": 2, "codename": "add_permission"}}, {"model": "auth.permission", "pk": 6, "fields": {"name": "Can change permission", "content_type": 2, "codename": "change_permission"}}, {"model": "auth.permission", "pk": 7, "fields": {"name": "Can delete permission", "content_type": 2, "codename": "delete_permission"}}, {"model": "auth.permission", "pk": 8, "fields": {"name": "Can view permission", "content_type": 2, "codename": "view_permission"}}, {"model": "auth.permission", "pk": 9, "fields": {"name": "Can add group", "content_type": 3, "codename": "add_group"}}, {"model": "auth.permission", "pk": 10, "fields": {"name": "Can change group", "content_type": 3, "codename": "change_group"}}, {"model": "auth.permission", "pk": 11, "fields": {"name": "Can delete group", "content_type": 3, "codename": "delete_group"}}, {"model": "auth.permission", "pk": 12, "fields": {"name": "Can view group", "content_type": 3, "codename": "view_group"}}, {"model": "auth.permission", "pk": 13, "fields": {"name": "Can add user", "content_type": 4, "codename": "add_user"}}, {"model": "auth.permission", "pk": 14, "fields": {"name": "Can change user", "content_type": 4, "codename": "change_user"}}, {"model": "auth.permission", "pk": 15, "fields": {"name": "Can delete user", "content_type": 4, "codename": "delete_user"}}, {"model": "auth.permission", "pk": 16, "fields": {"name": "Can view user", "content_type": 4, "codename": "view_user"}}, {"model": "auth.permission", "pk": 17, "fields": {"name": "Can add content type", "content_type": 5, "codename": "add_contenttype"}}, {"model": "auth.permission", "pk": 18, "fields": {"name": "Can change content type", "content_type": 5, "codename": "change_contenttype"}}, {"model": "auth.permission", "pk": 19, "fields": {"name": "Can delete content type", "content_type": 5, "codename": "delete_contenttype"}}, {"model": "auth.permission", "pk": 20, "fields": {"name": "Can view content type", "content_type": 5, "codename": "view_contenttype"}}, {"model": "auth.permission", "pk": 21, "fields": {"name": "Can add session", "content_type": 6, "codename": "add_session"}}, {"model": "auth.permission", "pk": 22, "fields": {"name": "Can change session", "content_type": 6, "codename": "change_session"}}, {"model": "auth.permission", "pk": 23, "fields": {"name": "Can delete session", "content_type": 6, "codename": "delete_session"}}, {"model": "auth.permission", "pk": 24, "fields": {"name": "Can view session", "content_type": 6, "codename": "view_session"}}, {"model": "auth.permission", "pk": 25, "fields": {"name": "Can add student", "content_type": 7, "codename": "add_student"}}, {"model": "auth.permission", "pk": 26, "fields": {"name": "Can change student", "content_type": 7, "codename": "change_student"}}, {"model": "auth.permission", "pk": 27, "fields": {"name": "Can delete student", "content_type": 7, "codename": "delete_student"}}, {"model": "auth.permission", "pk": 28, "fields": {"name": "Can view student", "content_type": 7, "codename": "view_student"}}, {"model": "auth.permission", "pk": 29, "fields": {"name": "Can add subject", "content_type": 8, "codename": "add_subject"}}, {"model": "auth.permission", "pk": 30, "fields": {"name": "Can change subject", "content_type": 8, "codename": "change_subject"}}, {"model": "auth.permission", "pk": 31, "fields": {"name": "Can delete subject", "content_type": 8, "codename": "delete_subject"}}, {"model": "auth.permission", "pk": 32, "fields": {"name": "Can view subject", "content_type": 8, "codename": "view_subject"}}, {"model": "auth.permission", "pk": 33, "fields": {"name": "Can add grade", "content_type": 9, "codename": "add_grade"}}, {"model": "auth.permission", "pk": 34, "fields": {"name": "Can change grade", "content_type": 9, "codename": "change_grade"}}, {"model": "auth.permission", "pk": 35, "fields": {"name": "Can delete grade", "content_type": 9, "codename": "delete_grade"}}, {"model": "auth.permission", "pk": 36, "fields": {"name": "Can view grade", "content_type": 9, "codename": "view_grade"}}, {"model": "auth.user", "pk": 1, "fields": {"password": "pbkdf2_sha256$1000000$s9VHx4Og3rSD471WwuXUv7$P0dQea8DvLRzIN4UGPApc/NS8Nw6RQl8X1+mVUPY6VM=", "last_login": "2026-06-11T07:34:12.862Z", "is_superuser": true, "username": "qwer", "first_name": "", "last_name": "", "email": "", "is_staff": true, "is_active": true, "date_joined": "2026-06-11T07:33:48.147Z", "groups": [], "user_permissions": []}}, {"model": "contenttypes.contenttype", "pk": 1, "fields": {"app_label": "admin", "model": "logentry"}}, {"model": "contenttypes.contenttype", "pk": 2, "fields": {"app_label": "auth", "model": "permission"}}, {"model": "contenttypes.contenttype", "pk": 3, "fields": {"app_label": "auth", "model": "group"}}, {"model": "contenttypes.contenttype", "pk": 4, "fields": {"app_label": "auth", "model": "user"}}, {"model": "contenttypes.contenttype", "pk": 5, "fields": {"app_label": "contenttypes", "model": "contenttype"}}, {"model": "contenttypes.contenttype", "pk": 6, "fields": {"app_label": "sessions", "model": "session"}}, {"model": "contenttypes.contenttype", "pk": 7, "fields": {"app_label": "students", "model": "student"}}, {"model": "contenttypes.contenttype", "pk": 8, "fields": {"app_label": "students", "model": "subject"}}, {"model": "contenttypes.contenttype", "pk": 9, "fields": {"app_label": "students", "model": "grade"}}, {"model": "sessions.session", "pk": "8qfiyawtbmnzekgjwd76akxtamnrz2j0", "fields": {"session_data": ".eJxVjEEOwiAQRe_C2pAyDAVcuvcMZAaoVA0kpV0Z765NutDtf-_9lwi0rSVsPS9hTuIslDj9bkzxkesO0p3qrcnY6rrMLHdFHrTLa0v5eTncv4NCvXxrA5mZEAfjvImKAMaBE3NErSh6QrCYEbzzbJOy1nm0micy06itQRDvD9oQN0M:1wXZvY:cL6AwjjK9TOnCRep9mU5FKPwqBHlgv6GeLqUsaSshHg", "expire_date": "2026-06-25T07:34:12.871Z"}}, {"model": "students.student", "pk": 1, "fields": {"student_id": "1", "full_name": "Жуков Андрей Владимирович"}}, {"model": "students.student", "pk": 2, "fields": {"student_id": "2", "full_name": "Малахов Александр Александрович"}}, {"model": "students.student", "pk": 3, "fields": {"student_id": "", "full_name": "Федотова Алёна Андреевна"}}, {"model": "students.student", "pk": 4, "fields": {"student_id": "", "full_name": "Артемов Алексей Игоревич"}}, {"model": "students.student", "pk": 5, "fields": {"student_id": "", "full_name": "Бадулин Илья Алексеевич"}}, {"model": "students.student", "pk": 6, "fields": {"student_id": "", "full_name": "Белякова Анастасия Валерьевна"}}, {"model": "students.student", "pk": 7, "fields": {"student_id": "", "full_name": "Бухаров Олег Егорович"}}, {"model": "students.student", "pk": 8, "fields": {"student_id": "", "full_name": "Емельянов Кирилл Дмитриевич"}}, {"model": "students.student", "pk": 9, "fields": {"student_id": "", "full_name": "Кириченко Дмитрий Юрьевич"}}, {"model": "students.student", "pk": 10, "fields": {"student_id": "", "full_name": "Кречетов Кирилл Евгеньевич"}}, {"model": "students.student", "pk": 11, "fields": {"student_id": "", "full_name": "Лазинский Денис Владимирович"}}, {"model": "students.student", "pk": 12, "fields": {"student_id": "", "full_name": "Лычагин Никита Денисович"}}, {"model": "students.student", "pk": 13, "fields": {"student_id": "", "full_name": "Мауль Даниил Александрович"}}, {"model": "students.student", "pk": 14, "fields": {"student_id": "", "full_name": "Мигаль Мария Антоновна"}}, {"model": "students.student", "pk": 15, "fields": {"student_id": "", "full_name": "Немцев Арсений Дмитриевич"}}, {"model": "students.student", "pk": 16, "fields": {"student_id": "", "full_name": "Редун Александр Александрович"}}, {"model": "students.student", "pk": 17, "fields": {"student_id": "", "full_name": "Сендир-Оол Сергек Эдуардович"}}, {"model": "students.student", "pk": 18, "fields": {"student_id": "", "full_name": "Сидоренко Александр Денисович"}}, {"model": "students.student", "pk": 19, "fields": {"student_id": "", "full_name": "Сурмалян Яна Эдуардовна"}}, {"model": "students.student", "pk": 20, "fields": {"student_id": "", "full_name": "Тимошенко Данил Алексеевич"}}, {"model": "students.student", "pk": 21, "fields": {"student_id": "", "full_name": "Толкачёв Антон Викторович"}}, {"model": "students.student", "pk": 22, "fields": {"student_id": "", "full_name": "Ушаков Максим Александрович"}}, {"model": "students.subject", "pk": 1, "fields": {"name": "БИТиП"}}, {"model": "students.subject", "pk": 4, "fields": {"name": "ТВиМС"}}, {"model": "students.subject", "pk": 5, "fields": {"name": "ООП"}}, {"model": "students.subject", "pk": 6, "fields": {"name": "ОП"}}, {"model": "students.subject", "pk": 7, "fields": {"name": "ИЯ"}}, {"model": "students.subject", "pk": 8, "fields": {"name": "УЖЦПС"}}, {"model": "students.grade", "pk": 1, "fields": {"student": 3, "subject": 1, "value": 5.0}}, {"model": "students.grade", "pk": 2, "fields": {"student": 3, "subject": 7, "value": 4.0}}, {"model": "students.grade", "pk": 3, "fields": {"student": 3, "subject": 5, "value": 4.0}}, {"model": "students.grade", "pk": 4, "fields": {"student": 3, "subject": 6, "value": 5.0}}, {"model": "students.grade", "pk": 5, "fields": {"student": 3, "subject": 4, "value": 5.0}}, {"model": "students.grade", "pk": 6, "fields": {"student": 3, "subject": 8, "value": 5.0}}, {"model": "students.grade", "pk": 7, "fields": {"student": 22, "subject": 1, "value": 4.0}}, {"model": "students.grade", "pk": 8, "fields": {"student": 22, "subject": 7, "value": 2.0}}, {"model": "students.grade", "pk": 9, "fields": {"student": 22, "subject": 5, "value": 4.0}}, {"model": "students.grade", "pk": 10, "fields": {"student": 22, "subject": 6, "value": 3.0}}, {"model": "students.grade", "pk": 11, "fields": {"student": 22, "subject": 4, "value": 3.0}}, {"model": "students.grade", "pk": 12, "fields": {"student": 22, "subject": 8, "value": 5.0}}, {"model": "students.grade", "pk": 13, "fields": {"student": 21, "subject": 1, "value": 3.0}}, {"model": "students.grade", "pk": 14, "fields": {"student": 21, "subject": 7, "value": 4.0}}, {"model": "students.grade", "pk": 15, "fields": {"student": 21, "subject": 6, "value": 3.0}}, {"model": "students.grade", "pk": 16, "fields": {"student": 21, "subject": 4, "value": 3.0}}, {"model": "students.grade", "pk": 17, "fields": {"student": 21, "subject": 8, "value": 3.0}}, {"model": "students.grade", "pk": 18, "fields": {"student": 20, "subject": 1, "value": 4.0}}, {"model": "students.grade", "pk": 19, "fields": {"student": 20, "subject": 7, "value": 4.0}}, {"model": "students.grade", "pk": 20, "fields": {"student": 20, "subject": 5, "value": 4.0}}, {"model": "students.grade", "pk": 21, "fields": {"student": 20, "subject": 6, "value": 5.0}}, {"model": "students.grade", "pk": 22, "fields": {"student": 20, "subject": 4, "value": 4.0}}, {"model": "students.grade", "pk": 23, "fields": {"student": 20, "subject": 8, "value": 5.0}}, {"model": "students.grade", "pk": 24, "fields": {"student": 19, "subject": 1, "value": 3.0}}, {"model": "students.grade", "pk": 25, "fields": {"student": 19, "subject": 7, "value": 4.0}}, {"model": "students.grade", "pk": 26, "fields": {"student": 19, "subject": 5, "value": 5.0}}, {"model": "students.grade", "pk": 27, "fields": {"student": 19, "subject": 6, "value": 5.0}}, {"model": "students.grade", "pk": 28, "fields": {"student": 19, "subject": 4, "value": 4.0}}, {"model": "students.grade", "pk": 29, "fields": {"student": 19, "subject": 8, "value": 5.0}}, {"model": "students.grade", "pk": 30, "fields": {"student": 18, "subject": 1, "value": 4.0}}, {"model": "students.grade", "pk": 31, "fields": {"student": 18, "subject": 7, "value": 3.0}}, {"model": "students.grade", "pk": 32, "fields": {"student": 18, "subject": 5, "value": 5.0}}, {"model": "students.grade", "pk": 33, "fields": {"student": 18, "subject": 6, "value": 4.0}}, {"model": "students.grade", "pk": 34, "fields": {"student": 18, "subject": 4, "value": 4.0}}, {"model": "students.grade", "pk": 35, "fields": {"student": 18, "subject": 8, "value": 5.0}}, {"model": "students.grade", "pk": 36, "fields": {"student": 17, "subject": 1, "value": 3.0}}, {"model": "students.grade", "pk": 37, "fields": {"student": 17, "subject": 7, "value": 4.0}}, {"model": "students.grade", "pk": 38, "fields": {"student": 17, "subject": 5, "value": 4.0}}, {"model": "students.grade", "pk": 39, "fields": {"student": 17, "subject": 6, "value": 4.0}}, {"model": "students.grade", "pk": 40, "fields": {"student": 17, "subject": 4, "value": 3.0}}, {"model": "students.grade", "pk": 41, "fields": {"student": 17, "subject": 8, "value": 5.0}}, {"model": "students.grade", "pk": 42, "fields": {"student": 16, "subject": 1, "value": 4.0}}, {"model": "students.grade", "pk": 43, "fields": {"student": 16, "subject": 7, "value": 4.0}}, {"model": "students.grade", "pk": 44, "fields": {"student": 16, "subject": 5, "value": 4.0}}, {"model": "students.grade", "pk": 45, "fields": {"student": 16, "subject": 6, "value": 5.0}}, {"model": "students.grade", "pk": 46, "fields": {"student": 16, "subject": 4, "value": 5.0}}, {"model": "students.grade", "pk": 47, "fields": {"student": 16, "subject": 8, "value": 5.0}}, {"model": "students.grade", "pk": 48, "fields": {"student": 15, "subject": 1, "value": 4.0}}, {"model": "students.grade", "pk": 49, "fields": {"student": 15, "subject": 7, "value": 3.0}}, {"model": "students.grade", "pk": 50, "fields": {"student": 15, "subject": 5, "value": 3.0}}, {"model": "students.grade", "pk": 51, "fields": {"student": 15, "subject": 6, "value": 5.0}}, {"model": "students.grade", "pk": 52, "fields": {"student": 15, "subject": 4, "value": 4.0}}, {"model": "students.grade", "pk": 53, "fields": {"student": 15, "subject": 8, "value": 5.0}}, {"model": "students.grade", "pk": 54, "fields": {"student": 14, "subject": 1, "value": 5.0}}, {"model": "students.grade", "pk": 55, "fields": {"student": 14, "subject": 7, "value": 4.0}}, {"model": "students.grade", "pk": 56, "fields": {"student": 14, "subject": 5, "value": 4.0}}, {"model": "students.grade", "pk": 57, "fields": {"student": 14, "subject": 6, "value": 5.0}}, {"model": "students.grade", "pk": 58, "fields": {"student": 14, "subject": 4, "value": 4.0}}, {"model": "students.grade", "pk": 59, "fields": {"student": 14, "subject": 8, "value": 5.0}}, {"model": "students.grade", "pk": 60, "fields": {"student": 13, "subject": 1, "value": 4.0}}, {"model": "students.grade", "pk": 61, "fields": {"student": 13, "subject": 7, "value": 3.0}}, {"model": "students.grade", "pk": 62, "fields": {"student": 13, "subject": 5, "value": 4.0}}, {"model": "students.grade", "pk": 63, "fields": {"student": 13, "subject": 6, "value": 4.0}}, {"model": "students.grade", "pk": 64, "fields": {"student": 13, "subject": 4, "value": 3.0}}, {"model": "students.grade", "pk": 65, "fields": {"student": 13, "subject": 8, "value": 5.0}}, {"model": "students.grade", "pk": 66, "fields": {"student": 2, "subject": 1, "value": 5.0}}, {"model": "students.grade", "pk": 67, "fields": {"student": 2, "subject": 7, "value": 3.0}}, {"model": "students.grade", "pk": 68, "fields": {"student": 2, "subject": 5, "value": 5.0}}, {"model": "students.grade", "pk": 69, "fields": {"student": 2, "subject": 6, "value": 4.0}}, {"model": "students.grade", "pk": 70, "fields": {"student": 2, "subject": 4, "value": 5.0}}, {"model": "students.grade", "pk": 71, "fields": {"student": 2, "subject": 8, "value": 5.0}}, {"model": "students.grade", "pk": 72, "fields": {"student": 12, "subject": 1, "value": 3.0}}, {"model": "students.grade", "pk": 73, "fields": {"student": 12, "subject": 7, "value": 3.0}}, {"model": "students.grade", "pk": 74, "fields": {"student": 12, "subject": 5, "value": 5.0}}, {"model": "students.grade", "pk": 75, "fields": {"student": 12, "subject": 6, "value": 5.0}}, {"model": "students.grade", "pk": 76, "fields": {"student": 12, "subject": 4, "value": 3.0}}, {"model": "students.grade", "pk": 77, "fields": {"student": 12, "subject": 8, "value": 5.0}}, {"model": "students.grade", "pk": 78, "fields": {"student": 11, "subject": 1, "value": 4.0}}, {"model": "students.grade", "pk": 79, "fields": {"student": 11, "subject": 7, "value": 3.0}}, {"model": "students.grade", "pk": 80, "fields": {"student": 11, "subject": 5, "value": 3.0}}, {"model": "students.grade", "pk": 81, "fields": {"student": 11, "subject": 6, "value": 5.0}}, {"model": "students.grade", "pk": 82, "fields": {"student": 11, "subject": 4, "value": 4.0}}, {"model": "students.grade", "pk": 83, "fields": {"student": 11, "subject": 8, "value": 5.0}}, {"model": "students.grade", "pk": 84, "fields": {"student": 10, "subject": 1, "value": 3.0}}, {"model": "students.grade", "pk": 85, "fields": {"student": 10, "subject": 7, "value": 4.0}}, {"model": "students.grade", "pk": 86, "fields": {"student": 10, "subject": 5, "value": 5.0}}, {"model": "students.grade", "pk": 87, "fields": {"student": 10, "subject": 6, "value": 5.0}}, {"model": "students.grade", "pk": 88, "fields": {"student": 10, "subject": 4, "value": 4.0}}, {"model": "students.grade", "pk": 89, "fields": {"student": 10, "subject": 8, "value": 5.0}}, {"model": "students.grade", "pk": 90, "fields": {"student": 9, "subject": 1, "value": 4.0}}, {"model": "students.grade", "pk": 91, "fields": {"student": 9, "subject": 7, "value": 3.0}}, {"model": "students.grade", "pk": 92, "fields": {"student": 9, "subject": 5, "value": 4.0}}, {"model": "students.grade", "pk": 93, "fields": {"student": 9, "subject": 6, "value": 5.0}}, {"model": "students.grade", "pk": 94, "fields": {"student": 9, "subject": 4, "value": 3.0}}, {"model": "students.grade", "pk": 95, "fields": {"student": 9, "subject": 8, "value": 5.0}}, {"model": "students.grade", "pk": 96, "fields": {"student": 1, "subject": 1, "value": 4.0}}, {"model": "students.grade", "pk": 97, "fields": {"student": 1, "subject": 7, "value": 4.0}}, {"model": "students.grade", "pk": 98, "fields": {"student": 1, "subject": 5, "value": 4.0}}, {"model": "students.grade", "pk": 99, "fields": {"student": 1, "subject": 6, "value": 5.0}}, {"model": "students.grade", "pk": 100, "fields": {"student": 1, "subject": 4, "value": 4.0}}, {"model": "students.grade", "pk": 101, "fields": {"student": 1, "subject": 8, "value": 5.0}}, {"model": "students.grade", "pk": 102, "fields": {"student": 8, "subject": 1, "value": 5.0}}, {"model": "students.grade", "pk": 103, "fields": {"student": 8, "subject": 7, "value": 5.0}}, {"model": "students.grade", "pk": 104, "fields": {"student": 8, "subject": 5, "value": 5.0}}, {"model": "students.grade", "pk": 105, "fields": {"student": 8, "subject": 6, "value": 5.0}}, {"model": "students.grade", "pk": 106, "fields": {"student": 8, "subject": 4, "value": 5.0}}, {"model": "students.grade", "pk": 107, "fields": {"student": 8, "subject": 8, "value": 5.0}}, {"model": "students.grade", "pk": 108, "fields": {"student": 7, "subject": 1, "value": 4.0}}, {"model": "students.grade", "pk": 109, "fields": {"student": 7, "subject": 7, "value": 4.0}}, {"model": "students.grade", "pk": 110, "fields": {"student": 7, "subject": 5, "value": 5.0}}, {"model": "students.grade", "pk": 111, "fields": {"student": 7, "subject": 6, "value": 5.0}}, {"model": "students.grade", "pk": 112, "fields": {"student": 7, "subject": 4, "value": 4.0}}, {"model": "students.grade", "pk": 113, "fields": {"student": 7, "subject": 8, "value": 5.0}}, {"model": "students.grade", "pk": 114, "fields": {"student": 6, "subject": 1, "value": 5.0}}, {"model": "students.grade", "pk": 115, "fields": {"student": 6, "subject": 7, "value": 4.0}}, {"model": "students.grade", "pk": 116, "fields": {"student": 6, "subject": 5, "value": 5.0}}, {"model": "students.grade", "pk": 117, "fields": {"student": 6, "subject": 6, "value": 5.0}}, {"model": "students.grade", "pk": 118, "fields": {"student": 6, "subject": 4, "value": 5.0}}, {"model": "students.grade", "pk": 119, "fields": {"student": 6, "subject": 8, "value": 5.0}}, {"model": "students.grade", "pk": 120, "fields": {"student": 5, "subject": 1, "value": 4.0}}, {"model": "students.grade", "pk": 121, "fields": {"student": 5, "subject": 7, "value": 4.0}}, {"model": "students.grade", "pk": 122, "fields": {"student": 5, "subject": 5, "value": 4.0}}, {"model": "students.grade", "pk": 123, "fields": {"student": 5, "subject": 6, "value": 5.0}}, {"model": "students.grade", "pk": 124, "fields": {"student": 5, "subject": 4, "value": 4.0}}, {"model": "students.grade", "pk": 125, "fields": {"student": 5, "subject": 8, "value": 5.0}}, {"model": "students.grade", "pk": 126, "fields": {"student": 4, "subject": 1, "value": 3.0}}, {"model": "students.grade", "pk": 127, "fields": {"student": 4, "subject": 7, "value": 5.0}}, {"model": "students.grade", "pk": 128, "fields": {"student": 4, "subject": 5, "value": 3.0}}, {"model": "students.grade", "pk": 129, "fields": {"student": 4, "subject": 6, "value": 4.0}}, {"model": "students.grade", "pk": 130, "fields": {"student": 4, "subject": 4, "value": 3.0}}, {"model": "students.grade", "pk": 131, "fields": {"student": 4, "subject": 8, "value": 4.0}}]